전기차 충전소 설치현황 ( 20230525 현재 ),,,,,
"시도 : 부산광역시, 시군구 : ALL",,,,,
시구,설치장소,주소,급속충전기(대),완속충전기(대),지원차종
부산광역시,가덕도동 행정복지센터,부산광역시 강서구 성북동 229-1,1 ,0 ,"SM3 Z.E,테슬라"
부산광역시,강서경찰서,부산광역시 강서구 명지동 607-5,1 ,0 ,"SM3 Z.E,테슬라"
부산광역시,강서구청 역세권 공영주차장,부산광역시 강서구 대저1동 2300,2 ,0 ,"SM3 Z.E,테슬라"
부산광역시,강서구청 주차장,부산광역시 강서구 낙동북로 477,2 ,0 ,"SM3 Z.E,테슬라"
부산광역시,강서브라이트센터,부산광역시 강서구 대저2동 1932-1,2 ,0 ,"SM3 Z.E,테슬라"
부산광역시,녹산산단 공영주차장,부산광역시 강서구 송정동 1759,1 ,0 ,"SM3 Z.E,레이EV,소울EV,닛산리프,아이오닉EV,BMW i3,스파크EV,볼트EV,테슬라"
부산광역시,명지국제호반베르디움1차,부산광역시 강서구 명지동 3415,1 ,2 ,"SM3 Z.E,레이EV,소울EV,닛산리프,아이오닉EV,BMW i3,스파크EV,볼트EV,테슬라"
부산광역시,명지롯데캐슬 아파트,부산광역시 강서구 명지동 3244,1 ,0 ,"SM3 Z.E,레이EV,소울EV,닛산리프,아이오닉EV,BMW i3,스파크EV,볼트EV,테슬라"
부산광역시,명지위브포세이돈,부산광역시 강서구 명지동 3234,1 ,4 ,"SM3 Z.E,레이EV,소울EV,닛산리프,아이오닉EV,BMW i3,스파크EV,볼트EV,테슬라"
부산광역시,미음 화물차고지,부산광역시 강서구 미음동 1641,4 ,0 ,"SM3 Z.E,테슬라"
부산광역시,부산테크노파크,부산광역시 강서구 지사동 1274,1 ,0 ,"SM3 Z.E,테슬라"
부산광역시,엘크루블루오션C2,부산광역시 강서구 명지동 3243,1 ,1 ,"SM3 Z.E,레이EV,소울EV,닛산리프,아이오닉EV,BMW i3,스파크EV,볼트EV,테슬라"
부산광역시,엘크루솔마레 아파트,부산광역시 강서구 명지동 3235,1 ,0 ,"SM3 Z.E,레이EV,소울EV,닛산리프,아이오닉EV,BMW i3,스파크EV,볼트EV,테슬라"
부산광역시,퀸덤1차 링컨타운,부산광역시 강서구 명지동 3231,1 ,4 ,"SM3 Z.E,레이EV,소울EV,닛산리프,아이오닉EV,BMW i3,스파크EV,볼트EV,테슬라"
부산광역시,퀸덤1차 아인슈타인타운,부산광역시 강서구 명지동 3232,1 ,4 ,"SM3 Z.E,레이EV,소울EV,닛산리프,아이오닉EV,BMW i3,스파크EV,볼트EV,테슬라"
부산광역시,퀸덤1차 에디슨타운,부산광역시 강서구 명지동 3230-11,1 ,3 ,"SM3 Z.E,레이EV,소울EV,닛산리프,아이오닉EV,BMW i3,스파크EV,볼트EV,테슬라"
부산광역시,(전주거치형)구서동1,부산광역시 금정구 구서동 1032-6,0 ,1 ,"레이EV,소울EV,닛산리프,아이오닉EV,BMW i3,스파크EV,볼트EV"
부산광역시,(전주거치형)구서동2,부산광역시 금정구 구서동 1026-7,0 ,1 ,"레이EV,소울EV,닛산리프,아이오닉EV,BMW i3,스파크EV,볼트EV"
부산광역시,(전주거치형)남산동,부산광역시 금정구 남산동 91-10,0 ,1 ,"레이EV,소울EV,닛산리프,아이오닉EV,BMW i3,스파크EV,볼트EV"
부산광역시,건설안전시험사업소,부산광역시 금정구 회동동 450,1 ,0 ,"SM3 Z.E,테슬라"
부산광역시,구서SKVIEW1단지,부산광역시 금정구 구서동 561-1,1 ,0 ,"SM3 Z.E,레이EV,소울EV,닛산리프,아이오닉EV,BMW i3,스파크EV,볼트EV,테슬라"
부산광역시,구서동쌍용예가1단지 아파트,부산광역시 금정구 구서동 1053,0 ,2 ,"SM3 Z.E,레이EV,소울EV,닛산리프,아이오닉EV,BMW i3,스파크EV,볼트EV,테슬라"
부산광역시,구서역,부산광역시 금정구 구서동 475,1 ,0 ,"SM3 Z.E,레이EV,소울EV,닛산리프,아이오닉EV,BMW i3,스파크EV,볼트EV,테슬라"
부산광역시,구서유림노르웨이아침 아파트,부산광역시 금정구 구서동 420-12,1 ,1 ,"SM3 Z.E,레이EV,소울EV,닛산리프,아이오닉EV,BMW i3,스파크EV,볼트EV,테슬라"
부산광역시,금정구청,부산광역시 금정구 부곡동 78,1 ,0 ,"SM3 Z.E,테슬라"
부산광역시,금정산쌍용예가1차 아파트,부산광역시 금정구 장전동 732,1 ,3 ,"SM3 Z.E,레이EV,소울EV,닛산리프,아이오닉EV,BMW i3,스파크EV,볼트EV,테슬라"
부산광역시,로얄펠리스아파트,부산광역시 금정구 청룡동 315,0 ,2 ,"SM3 Z.E,레이EV,소울EV,닛산리프,아이오닉EV,BMW i3,스파크EV,볼트EV,테슬라"
부산광역시,만남의광장,부산광역시 금정구 구서동 481-1,1 ,0 ,"SM3 Z.E,테슬라"
부산광역시,부곡동푸르지오,부산광역시 금정구 부곡동 268-2,1 ,3 ,"SM3 Z.E,레이EV,소울EV,닛산리프,아이오닉EV,BMW i3,스파크EV,볼트EV,테슬라"
부산광역시,부곡롯데캐슬디아망 아파트,부산광역시 금정구 부곡동 970,0 ,2 ,"SM3 Z.E,레이EV,소울EV,닛산리프,아이오닉EV,BMW i3,스파크EV,볼트EV,테슬라"
부산광역시,부산대남측,부산광역시 금정구 부곡동 441-27,2 ,0 ,"SM3 Z.E,레이EV,소울EV,닛산리프,아이오닉EV,BMW i3,스파크EV,볼트EV,테슬라"
부산광역시,부산대북측,부산광역시 금정구 장전동 427,1 ,0 ,"SM3 Z.E,레이EV,소울EV,닛산리프,아이오닉EV,BMW i3,스파크EV,볼트EV,테슬라"
부산광역시,부산영락공원,부산광역시 금정구 두구동 1494-1,1 ,0 ,"SM3 Z.E,테슬라"
부산광역시,부산종합버스터미널 주차장,부산광역시 금정구 노포동 176,1 ,0 ,"SM3 Z.E,레이EV,소울EV,닛산리프,아이오닉EV,BMW i3,스파크EV,볼트EV,테슬라"
부산광역시,부산지방공단스포원,부산광역시 금정구 두구동 1641,4 ,0 ,"SM3 Z.E,테슬라"
부산광역시,선두구동 행정복지센터,부산광역시 금정구 두구동 174-1,1 ,0 ,"SM3 Z.E,테슬라"
부산광역시,장전역,부산광역시 금정구 장전동 242,1 ,0 ,"SM3 Z.E,테슬라"
부산광역시,고촌LH 아파트,부산광역시 기장군 철마면 고촌리 684,1 ,0 ,"SM3 Z.E,레이EV,소울EV,닛산리프,아이오닉EV,BMW i3,스파크EV,볼트EV,테슬라"
부산광역시,국립수산과학관,부산광역시 기장군 기장읍 시랑리 408-1,1 ,0 ,"SM3 Z.E,레이EV,소울EV,닛산리프,아이오닉EV,BMW i3,스파크EV,볼트EV,테슬라"
부산광역시,군민체육공원,부산광역시 기장군 일광면 원리 39,1 ,0 ,"SM3 Z.E,레이EV,소울EV,닛산리프,아이오닉EV,BMW i3,스파크EV,볼트EV,테슬라"
부산광역시,기장우신네오빌,부산광역시 기장군 기장읍 청강로 76,1 ,3 ,"SM3 Z.E,레이EV,소울EV,닛산리프,아이오닉EV,BMW i3,스파크EV,볼트EV,테슬라"
부산광역시,기장지사,부산광역시 기장군 기장읍 청강리 154-6,1 ,1 ,"SM3 Z.E,레이EV,소울EV,닛산리프,아이오닉EV,BMW i3,스파크EV,볼트EV,테슬라"
부산광역시,롯데몰 동부산점,부산광역시 기장군 기장읍 당사리 524,4 ,0 ,"SM3 Z.E,테슬라"
부산광역시,서부주공 아파트,부산광역시 기장군 기장읍 서부리 102,1 ,2 ,"SM3 Z.E,레이EV,소울EV,닛산리프,아이오닉EV,BMW i3,스파크EV,볼트EV,테슬라"
부산광역시,신천리 공영주차장,부산광역시 기장군 기장읍 신천리 1,2 ,0 ,"SM3 Z.E,테슬라"
부산광역시,안평역,부산광역시 기장군 철마면 안평리 582-21,1 ,0 ,"SM3 Z.E,레이EV,소울EV,닛산리프,아이오닉EV,BMW i3,스파크EV,볼트EV,테슬라"
부산광역시,남구국민체육센터,부산광역시 남구 용호동 895-18,1 ,0 ,"SM3 Z.E,테슬라"
부산광역시,남구청 서편 주차장,부산광역시 남구 대연동 1268-1,2 ,0 ,"SM3 Z.E,테슬라"
부산광역시,대연경동메르빌,부산광역시 남구 대연동 252-1,1 ,0 ,"SM3 Z.E,레이EV,소울EV,닛산리프,아이오닉EV,BMW i3,스파크EV,볼트EV,테슬라"
부산광역시,문현한양아파트,부산광역시 남구 문현동 41,0 ,2 ,"SM3 Z.E,레이EV,소울EV,닛산리프,아이오닉EV,BMW i3,스파크EV,볼트EV,테슬라"
부산광역시,부산국제금융센터,부산광역시 남구 문현동 1229-1,6 ,0 ,"SM3 Z.E,테슬라"
부산광역시,부산문화회관,부산광역시 남구 대연동 848-4,2 ,0 ,"SM3 Z.E,레이EV,소울EV,닛산리프,아이오닉EV,BMW i3,스파크EV,볼트EV,테슬라"
부산광역시,엘지메트로시티 아파트(101동),부산광역시 남구 용호동 176-30,1 ,1 ,"SM3 Z.E,레이EV,소울EV,닛산리프,아이오닉EV,BMW i3,스파크EV,볼트EV,테슬라"
부산광역시,엘지메트로시티 아파트(123동),부산광역시 남구 용호동 176-30,1 ,1 ,"SM3 Z.E,레이EV,소울EV,닛산리프,아이오닉EV,BMW i3,스파크EV,볼트EV,테슬라"
부산광역시,엘지메트로시티 아파트(138동),부산광역시 남구 용호동 176-30,1 ,1 ,"SM3 Z.E,레이EV,소울EV,닛산리프,아이오닉EV,BMW i3,스파크EV,볼트EV,테슬라"
부산광역시,엘지메트로시티 아파트(201동),부산광역시 남구 용호동 176-30,1 ,2 ,"SM3 Z.E,레이EV,소울EV,닛산리프,아이오닉EV,BMW i3,스파크EV,볼트EV,테슬라"
부산광역시,이기대 제1공영주차장,부산광역시 남구 용호동 14-1,1 ,0 ,"SM3 Z.E,테슬라"
부산광역시,(전주거치형)범5-2구역,부산광역시 동구 좌천동 1132-3,0 ,1 ,"레이EV,소울EV,닛산리프,아이오닉EV,BMW i3,스파크EV,볼트EV"
부산광역시,(전주거치형)스카이웨이,부산광역시 동구 초량동 산 53-1,0 ,1 ,"레이EV,소울EV,닛산리프,아이오닉EV,BMW i3,스파크EV,볼트EV"
부산광역시,(전주거치형)화신칼라,부산광역시 동구 범일동 830-72,0 ,1 ,"레이EV,소울EV,닛산리프,아이오닉EV,BMW i3,스파크EV,볼트EV"
부산광역시,가구거리 공영주차장,부산광역시 동구 범일동 183,1 ,0 ,"SM3 Z.E,테슬라"
부산광역시,남해지방해양경찰청,부산광역시 동구 좌천동 68-889,2 ,0 ,"SM3 Z.E,테슬라"
부산광역시,동구체육공원 공영주차장,부산광역시 동구 수정동 712-148,1 ,0 ,"SM3 Z.E,테슬라"
부산광역시,부산과학체험관,부산광역시 동구 초량동 1167,1 ,0 ,"SM3 Z.E,테슬라"
부산광역시,부산항국제여객터미널,부산광역시 동구 초량동 45-39,1 ,0 ,"SM3 Z.E,테슬라"
부산광역시,수정1동 공영주차장,부산광역시 동구 수정동 1043-60,1 ,0 ,"SM3 Z.E,테슬라"
부산광역시,수정공원상로 제1노상주차장,부산광역시 동구 수정동 1178-47,1 ,0 ,"SM3 Z.E,테슬라"
부산광역시,수정산 공영주차장,부산광역시 동구 수정동 600-3,1 ,0 ,"SM3 Z.E,테슬라"
부산광역시,차이나타운 공영주차장,부산광역시 동구 초량동 544-4,1 ,0 ,"SM3 Z.E,테슬라"
부산광역시,동래센트럴파크하이츠2단지,부산광역시 동래구 명륜동 756-1,1 ,3 ,"SM3 Z.E,레이EV,소울EV,닛산리프,아이오닉EV,BMW i3,스파크EV,볼트EV,테슬라"
부산광역시,동래지사,부산광역시 동래구 안락동 451-10,0 ,5 ,"SM3 Z.E,레이EV,소울EV,닛산리프,아이오닉EV,BMW i3,스파크EV,볼트EV,테슬라"
부산광역시,명륜쌍용예가,부산광역시 동래구 명륜동 753,0 ,2 ,"SM3 Z.E,레이EV,소울EV,닛산리프,아이오닉EV,BMW i3,스파크EV,볼트EV,테슬라"
부산광역시,명륜역,부산광역시 동래구 명륜동 741,1 ,0 ,"SM3 Z.E,레이EV,소울EV,닛산리프,아이오닉EV,BMW i3,스파크EV,볼트EV,테슬라"
부산광역시,명장삼성타운,부산광역시 동래구 명장동 63-9,1 ,1 ,"SM3 Z.E,레이EV,소울EV,닛산리프,아이오닉EV,BMW i3,스파크EV,볼트EV,테슬라"
부산광역시,사직 삼환나우빌,부산광역시 동래구 사직동 1019,1 ,0 ,"SM3 Z.E,레이EV,소울EV,닛산리프,아이오닉EV,BMW i3,스파크EV,볼트EV,테슬라"
부산광역시,사직쌍용예가 아파트,부산광역시 동래구 사직동 1017,2 ,4 ,"SM3 Z.E,레이EV,소울EV,닛산리프,아이오닉EV,BMW i3,스파크EV,볼트EV,테슬라"
부산광역시,홈플러스 동래점,부산광역시 동래구 온천동 153-8,1 ,0 ,"SM3 Z.E,레이EV,소울EV,닛산리프,아이오닉EV,BMW i3,스파크EV,볼트EV,테슬라"
부산광역시,(전주거치형)경남공고옆,부산광역시 부산진구 전포동 689-28,0 ,1 ,"레이EV,소울EV,닛산리프,아이오닉EV,BMW i3,스파크EV,볼트EV"
부산광역시,(전주거치형)범천동신암로1,부산광역시 부산진구 범천동 1090-12,0 ,1 ,"레이EV,소울EV,닛산리프,아이오닉EV,BMW i3,스파크EV,볼트EV"
부산광역시,(전주거치형)범천동신암로2,부산광역시 부산진구 범천동 1090-12,0 ,1 ,"레이EV,소울EV,닛산리프,아이오닉EV,BMW i3,스파크EV,볼트EV"
부산광역시,(전주거치형)서면중앙시장,부산광역시 부산진구 전포동 608-1,0 ,1 ,"레이EV,소울EV,닛산리프,아이오닉EV,BMW i3,스파크EV,볼트EV"
부산광역시,(전주거치형)시민공원옆주거지,부산광역시 부산진구 범전동 68-21,0 ,1 ,"레이EV,소울EV,닛산리프,아이오닉EV,BMW i3,스파크EV,볼트EV"
부산광역시,(전주거치형)전포동주거지,부산광역시 부산진구 전포동 190,0 ,1 ,"레이EV,소울EV,닛산리프,아이오닉EV,BMW i3,스파크EV,볼트EV"
부산광역시,가아KT-e편한세상,부산광역시 부산진구 가야동 698,0 ,2 ,"SM3 Z.E,레이EV,소울EV,닛산리프,아이오닉EV,BMW i3,스파크EV,볼트EV,테슬라"
부산광역시,대원칸타빌멤버스,부산광역시 부산진구 양정동 525,1 ,3 ,"SM3 Z.E,레이EV,소울EV,닛산리프,아이오닉EV,BMW i3,스파크EV,볼트EV,테슬라"
부산광역시,부산교통공사 본사,부산광역시 부산진구 범천동 861-1,1 ,0 ,"SM3 Z.E,레이EV,소울EV,닛산리프,아이오닉EV,BMW i3,스파크EV,볼트EV,테슬라"
부산광역시,부산국립국악원,부산광역시 부산진구 연지동 219-2,1 ,0 ,"SM3 Z.E,테슬라"
부산광역시,부산시설공단(중앙몰),부산광역시 부산진구 부전동 576-1,1 ,0 ,"SM3 Z.E,테슬라"
부산광역시,부산울산전력관리처,부산광역시 부산진구 부전동 224-7,0 ,1 ,"SM3 Z.E,레이EV,소울EV,닛산리프,아이오닉EV,BMW i3,스파크EV,볼트EV,테슬라"
부산광역시,부산울산전력관리처(공용),부산광역시 부산진구 부전동 224-7,1 ,3 ,"SM3 Z.E,레이EV,소울EV,닛산리프,아이오닉EV,BMW i3,스파크EV,볼트EV,테슬라"
부산광역시,부산울산직할,부산광역시 부산진구 부전동 224-7,1 ,13 ,"SM3 Z.E,레이EV,소울EV,닛산리프,아이오닉EV,BMW i3,스파크EV,볼트EV,테슬라"
부산광역시,상수도사업본부,부산광역시 부산진구 양정동 273-20,1 ,0 ,"SM3 Z.E,테슬라"
부산광역시,서면e편한세상,부산광역시 부산진구 범천동 1054,1 ,3 ,"SM3 Z.E,레이EV,소울EV,닛산리프,아이오닉EV,BMW i3,스파크EV,볼트EV,테슬라"
부산광역시,양정현대1차,부산광역시 부산진구 양정동 458-5,2 ,0 ,"SM3 Z.E,레이EV,소울EV,닛산리프,아이오닉EV,BMW i3,스파크EV,볼트EV,테슬라"
부산광역시,양정현대2차 아파트,부산광역시 부산진구 양정동 458-20,2 ,0 ,"SM3 Z.E,레이EV,소울EV,닛산리프,아이오닉EV,BMW i3,스파크EV,볼트EV,테슬라"
부산광역시,연지자이2차,부산광역시 부산진구 연지동 406,1 ,4 ,"SM3 Z.E,레이EV,소울EV,닛산리프,아이오닉EV,BMW i3,스파크EV,볼트EV,테슬라"
부산광역시,한라비발디스튜디오422,부산광역시 부산진구 범천동 1000-24,1 ,0 ,"SM3 Z.E,레이EV,소울EV,닛산리프,아이오닉EV,BMW i3,스파크EV,볼트EV,테슬라"
부산광역시,구포2동 공영주차장,부산광역시 북구 구포동 969-4,1 ,0 ,"SM3 Z.E,테슬라"
부산광역시,구포대우아파트,부산광역시 북구 구포동 849-1,0 ,3 ,"SM3 Z.E,레이EV,소울EV,닛산리프,아이오닉EV,BMW i3,스파크EV,볼트EV,테슬라"
부산광역시,구포유림노르웨이숲,부산광역시 북구 구포동 1293,1 ,4 ,"SM3 Z.E,레이EV,소울EV,닛산리프,아이오닉EV,BMW i3,스파크EV,볼트EV,테슬라"
부산광역시,금곡주공3단지,부산광역시 북구 금곡동 57-1,1 ,2 ,"SM3 Z.E,레이EV,소울EV,닛산리프,아이오닉EV,BMW i3,스파크EV,볼트EV,테슬라"
부산광역시,대리천 공영주차장,부산광역시 북구 덕천동 732-5,1 ,0 ,"SM3 Z.E,레이EV,소울EV,닛산리프,아이오닉EV,BMW i3,스파크EV,볼트EV,테슬라"
부산광역시,동원로얄듀크비스타,부산광역시 북구 구포동 1296,1 ,4 ,"SM3 Z.E,레이EV,소울EV,닛산리프,아이오닉EV,BMW i3,스파크EV,볼트EV,테슬라"
부산광역시,만덕1동 공영주차장,부산광역시 북구 만덕동 642-15,1 ,0 ,"SM3 Z.E,테슬라"
부산광역시,만덕2동 주민센터,부산광역시 북구 만덕동 289-1,1 ,0 ,"SM3 Z.E,레이EV,소울EV,닛산리프,아이오닉EV,BMW i3,스파크EV,볼트EV,테슬라"
부산광역시,만덕동심공원 공영주차장,부산광역시 북구 만덕동 872-3,1 ,0 ,"SM3 Z.E,테슬라"
부산광역시,부산 북구청,부산광역시 북구 구포동 1124-1,1 ,0 ,"SM3 Z.E,테슬라"
부산광역시,율리벽산블루밍,부산광역시 북구 금곡동 1915,1 ,1 ,"SM3 Z.E,레이EV,소울EV,닛산리프,아이오닉EV,BMW i3,스파크EV,볼트EV,테슬라"
부산광역시,한국폴리텍대학 부산캠퍼스,"부산광역시 북구 만덕대로155번길 99 (덕천동, 한국폴리텍대학부산캠퍼스)",1 ,0 ,"SM3 Z.E,테슬라"
부산광역시,화명동대림타운,부산광역시 북구 화명동 1170-1,2 ,0 ,"SM3 Z.E,레이EV,소울EV,닛산리프,아이오닉EV,BMW i3,스파크EV,볼트EV,테슬라"
부산광역시,화명롯데 아파트낙천대,부산광역시 북구 화명동 2264,2 ,0 ,"SM3 Z.E,레이EV,소울EV,닛산리프,아이오닉EV,BMW i3,스파크EV,볼트EV,테슬라"
부산광역시,화명한일유앤아이 아파트,부산광역시 북구 금곡동 1898,1 ,4 ,"SM3 Z.E,레이EV,소울EV,닛산리프,아이오닉EV,BMW i3,스파크EV,볼트EV,테슬라"
부산광역시,(전주거치형)곡상골,부산광역시 사상구 모라동 1345-7,0 ,1 ,"레이EV,소울EV,닛산리프,아이오닉EV,BMW i3,스파크EV,볼트EV"
부산광역시,감전역 역세권 공영주차장,부산광역시 사상구 새벽시장로135,1 ,0 ,"SM3 Z.E,테슬라"
부산광역시,덕포경동메르빌 아파트,부산광역시 사상구 덕포동 793,1 ,2 ,"SM3 Z.E,레이EV,소울EV,닛산리프,아이오닉EV,BMW i3,스파크EV,볼트EV,테슬라"
부산광역시,르네시떼,부산광역시 사상구 괘법동 529-1,1 ,0 ,"SM3 Z.E,테슬라"
부산광역시,모라1동행정복지센터 부설주차장,부산광역시 사상구 모라로93,1 ,0 ,"SM3 Z.E,테슬라"
부산광역시,모라백양그린,부산광역시 사상구 모라동 552,0 ,3 ,"레이EV,소울EV,닛산리프,아이오닉EV,BMW i3,스파크EV,볼트EV"
부산광역시,모라벽산 아파트,부산광역시 사상구 모라동 203,1 ,1 ,"SM3 Z.E,레이EV,소울EV,닛산리프,아이오닉EV,BMW i3,스파크EV,볼트EV,테슬라"
부산광역시,모라삼정그린코아,부산광역시 사상구 모라동 334,1 ,2 ,"SM3 Z.E,레이EV,소울EV,닛산리프,아이오닉EV,BMW i3,스파크EV,볼트EV,테슬라"
부산광역시,모라중학교 지하 공영주차장,부산광역시 사상구 백양대로936,1 ,0 ,"SM3 Z.E,테슬라"
부산광역시,부산구치소,부산광역시 사상구 주례동 666,1 ,0 ,"SM3 Z.E,테슬라"
부산광역시,북부산지사,부산광역시 사상구 덕포동 89,0 ,2 ,"SM3 Z.E,레이EV,소울EV,닛산리프,아이오닉EV,BMW i3,스파크EV,볼트EV,테슬라"
부산광역시,북부산지사(공용),부산광역시 사상구 덕포동 89,2 ,1 ,"SM3 Z.E,레이EV,소울EV,닛산리프,아이오닉EV,BMW i3,스파크EV,볼트EV,테슬라"
부산광역시,사상구청 부설주차장,부산광역시 사상구 감전동 138-8,1 ,0 ,"SM3 Z.E,레이EV,소울EV,닛산리프,아이오닉EV,BMW i3,스파크EV,볼트EV,테슬라"
부산광역시,신주례엘지2단지 아파트,부산광역시 사상구 주례동 10-4,1 ,3 ,"SM3 Z.E,레이EV,소울EV,닛산리프,아이오닉EV,BMW i3,스파크EV,볼트EV,테슬라"
부산광역시,엄궁대림 아파트,부산광역시 사상구 엄궁동 669-2,1 ,0 ,"SM3 Z.E,레이EV,소울EV,닛산리프,아이오닉EV,BMW i3,스파크EV,볼트EV,테슬라"
부산광역시,엄궁쌍용스윗닷홈 아파트,부산광역시 사상구 엄궁동 680-2,1 ,2 ,"SM3 Z.E,레이EV,소울EV,닛산리프,아이오닉EV,BMW i3,스파크EV,볼트EV,테슬라"
부산광역시,엄궁코오롱 아파트,부산광역시 사상구 엄궁동 680-1,1 ,1 ,"SM3 Z.E,레이EV,소울EV,닛산리프,아이오닉EV,BMW i3,스파크EV,볼트EV,테슬라"
부산광역시,주례2동 행정복지센터,부산광역시 사상구 주례동 154-1,1 ,0 ,"SM3 Z.E,테슬라"
부산광역시,주례한효 아파트,부산광역시 사상구 주례동 3-32,1 ,1 ,"SM3 Z.E,레이EV,소울EV,닛산리프,아이오닉EV,BMW i3,스파크EV,볼트EV,테슬라"
부산광역시,학장동신구덕우성 아파트,부산광역시 사상구 학장동 571-3,1 ,1 ,"SM3 Z.E,레이EV,소울EV,닛산리프,아이오닉EV,BMW i3,스파크EV,볼트EV,테슬라"
부산광역시,학장삼성2차 아파트,부산광역시 사상구 학장동 574-57,1 ,1 ,"SM3 Z.E,레이EV,소울EV,닛산리프,아이오닉EV,BMW i3,스파크EV,볼트EV,테슬라"
부산광역시,괴정신익타운 아파트,부산광역시 사하구 괴정동 398-22,0 ,2 ,"SM3 Z.E,레이EV,소울EV,닛산리프,아이오닉EV,BMW i3,스파크EV,볼트EV,테슬라"
부산광역시,구평한신휴플러스,부산광역시 사하구 구평동 497,1 ,2 ,"SM3 Z.E,레이EV,소울EV,닛산리프,아이오닉EV,BMW i3,스파크EV,볼트EV,테슬라"
부산광역시,국민건강보험공단,부산광역시 사하구 신평동 646-1,1 ,0 ,"SM3 Z.E,테슬라"
부산광역시,낙동강하구에코센터,부산광역시 사하구 하단동 1150-8,1 ,0 ,"SM3 Z.E,테슬라"
부산광역시,다대현대 아파트,부산광역시 사하구 다대동 120-1,2 ,6 ,"SM3 Z.E,레이EV,소울EV,닛산리프,아이오닉EV,BMW i3,스파크EV,볼트EV,테슬라"
부산광역시,당리혜성 아파트,부산광역시 사하구 당리동 17-2,1 ,1 ,"SM3 Z.E,레이EV,소울EV,닛산리프,아이오닉EV,BMW i3,스파크EV,볼트EV,테슬라"
부산광역시,사하구 제2청사,부산광역시 사하구 신평동 646-2,2 ,0 ,"SM3 Z.E,테슬라"
부산광역시,을숙도 공영주차장,부산광역시 사하구 하단동 1149-35,2 ,0 ,"SM3 Z.E,레이EV,소울EV,닛산리프,아이오닉EV,BMW i3,스파크EV,볼트EV,테슬라"
부산광역시,남부건설본부,부산광역시 서구 토성동1가 29,0 ,3 ,"SM3 Z.E,레이EV,소울EV,닛산리프,아이오닉EV,BMW i3,스파크EV,볼트EV,테슬라"
부산광역시,대신 롯데캐슬,부산광역시 서구 서대신동3가 762,1 ,3 ,"SM3 Z.E,레이EV,소울EV,닛산리프,아이오닉EV,BMW i3,스파크EV,볼트EV,테슬라"
부산광역시,부민e-편한세상,부산광역시 서구 부민동3가 76,1 ,3 ,"SM3 Z.E,레이EV,소울EV,닛산리프,아이오닉EV,BMW i3,스파크EV,볼트EV,테슬라"
부산광역시,부산국제수산물유통시설관리사업소,부산광역시 서구 암남동 761,2 ,0 ,"SM3 Z.E,테슬라"
부산광역시,송도현대아파트,부산광역시 서구 암남동 611-1,0 ,1 ,"SM3 Z.E,레이EV,소울EV,닛산리프,아이오닉EV,BMW i3,스파크EV,볼트EV,테슬라"
부산광역시,중부산지사,부산광역시 서구 토성동1가 23,2 ,7 ,"SM3 Z.E,레이EV,소울EV,닛산리프,아이오닉EV,BMW i3,스파크EV,볼트EV,테슬라"
부산광역시,민락동 매립지 공영주차장,부산광역시 수영구 민락동113-46,1 ,0 ,"SM3 Z.E,레이EV,소울EV,닛산리프,아이오닉EV,BMW i3,스파크EV,볼트EV,테슬라"
부산광역시,부산도시재생지원센터 비콘그라운드,부산광역시 수영구 망미동 603-2,1 ,0 ,"SM3 Z.E,테슬라"
부산광역시,수변어린이공원 공영주차장,부산광역시 수영구 민락동 110-15,1 ,0 ,"SM3 Z.E,테슬라"
부산광역시,수영구 스포츠문화타운,부산광역시 수영구 광안동 1333,1 ,0 ,"SM3 Z.E,테슬라"
부산광역시,수영구청,부산광역시 수영구 남천동 148-15,1 ,0 ,"SM3 Z.E,테슬라"
부산광역시,거제1동 공영주차장,부산광역시 연제구 거제동 1466-17,1 ,0 ,"SM3 Z.E,테슬라"
부산광역시,거제2차현대홈타운,부산광역시 연제구 거제동 1479,1 ,0 ,"SM3 Z.E,레이EV,소울EV,닛산리프,아이오닉EV,BMW i3,스파크EV,볼트EV,테슬라"
부산광역시,거제동월드메르디앙 아파트,부산광역시 연제구 거제동 1468-1,1 ,2 ,"SM3 Z.E,레이EV,소울EV,닛산리프,아이오닉EV,BMW i3,스파크EV,볼트EV,테슬라"
부산광역시,거제동일동미라주리버 아파트,부산광역시 연제구 거제동 1515,0 ,2 ,"SM3 Z.E,레이EV,소울EV,닛산리프,아이오닉EV,BMW i3,스파크EV,볼트EV,테슬라"
부산광역시,거제동푸르지오,부산광역시 연제구 거제동 1506,1 ,2 ,"SM3 Z.E,레이EV,소울EV,닛산리프,아이오닉EV,BMW i3,스파크EV,볼트EV,테슬라"
부산광역시,거제삼정그린코아,부산광역시 연제구 거제동 1272,1 ,1 ,"SM3 Z.E,레이EV,소울EV,닛산리프,아이오닉EV,BMW i3,스파크EV,볼트EV,테슬라"
부산광역시,과정공영주차장,부산광역시 연제구 연산동 1062-1,1 ,0 ,"SM3 Z.E,테슬라"
부산광역시,롯데캐슬피렌체아파트,부산광역시 연제구 거제동 1510,1 ,2 ,"SM3 Z.E,레이EV,소울EV,닛산리프,아이오닉EV,BMW i3,스파크EV,볼트EV,테슬라"
부산광역시,연산경동메르빌,부산광역시 연제구 연산동 2298,1 ,2 ,"SM3 Z.E,레이EV,소울EV,닛산리프,아이오닉EV,BMW i3,스파크EV,볼트EV,테슬라"
부산광역시,연산선경 아파트,부산광역시 연제구 연산동 2235-4,1 ,3 ,"SM3 Z.E,레이EV,소울EV,닛산리프,아이오닉EV,BMW i3,스파크EV,볼트EV,테슬라"
부산광역시,연산자이 아파트,부산광역시 연제구 연산동 2262,2 ,0 ,"SM3 Z.E,레이EV,소울EV,닛산리프,아이오닉EV,BMW i3,스파크EV,볼트EV,테슬라"
부산광역시,연산한양 아파트,부산광역시 연제구 연산동 388-1,1 ,2 ,"SM3 Z.E,레이EV,소울EV,닛산리프,아이오닉EV,BMW i3,스파크EV,볼트EV,테슬라"
부산광역시,연제구청,부산광역시 연제구 연산동 1555-1,1 ,0 ,"SM3 Z.E,레이EV,소울EV,닛산리프,아이오닉EV,BMW i3,스파크EV,볼트EV,테슬라"
부산광역시,국립 해양박물관,부산광역시 영도구 동삼동 1156,4 ,0 ,"SM3 Z.E,레이EV,소울EV,닛산리프,아이오닉EV,BMW i3,스파크EV,볼트EV,테슬라"
부산광역시,영도지사,부산광역시 영도구 남항동2가 22-1,1 ,4 ,"SM3 Z.E,레이EV,소울EV,닛산리프,아이오닉EV,BMW i3,스파크EV,볼트EV,테슬라"
부산광역시,청학2동 공영주차장,부산광역시 영도구 청학동 99-229,2 ,0 ,"SM3 Z.E,테슬라"
부산광역시,태종대공원입구 주차장,부산광역시 영도구 동삼동 1011,2 ,0 ,"SM3 Z.E,레이EV,소울EV,닛산리프,아이오닉EV,BMW i3,스파크EV,볼트EV,테슬라"
부산광역시,부산 중구청,부산광역시 중구 대청동1가 1-4,1 ,0 ,"SM3 Z.E,레이EV,소울EV,닛산리프,아이오닉EV,BMW i3,스파크EV,볼트EV,테슬라"
부산광역시,오르미 복합문화주차타워,부산광역시 중구 보수동1가 41-45,1 ,0 ,"SM3 Z.E,테슬라"
부산광역시,(전주거치형)반여부산은행,부산광역시 해운대구 반여동 1291-562,0 ,1 ,"레이EV,소울EV,닛산리프,아이오닉EV,BMW i3,스파크EV,볼트EV"
부산광역시,(전주거치형)송정해수욕장,부산광역시 해운대구 송정동 714-24,1 ,1 ,"레이EV,소울EV,닛산리프,아이오닉EV,BMW i3,스파크EV,볼트EV"
부산광역시,(전주거치형)신선천주거지2,부산광역시 해운대구 반여동 1575-5,0 ,1 ,"레이EV,소울EV,닛산리프,아이오닉EV,BMW i3,스파크EV,볼트EV"
부산광역시,(전주거치형)장산로주거지1,부산광역시 해운대구 우동 1102-223,0 ,1 ,"레이EV,소울EV,닛산리프,아이오닉EV,BMW i3,스파크EV,볼트EV"
부산광역시,(전주거치형)장산로주거지2,부산광역시 해운대구 우동 1102-223,0 ,1 ,"레이EV,소울EV,닛산리프,아이오닉EV,BMW i3,스파크EV,볼트EV"
부산광역시,경남아너스빌아파트,부산광역시 해운대구 좌동 1375,0 ,6 ,"SM3 Z.E,레이EV,소울EV,닛산리프,아이오닉EV,BMW i3,스파크EV,볼트EV,테슬라"
부산광역시,남부산지사,부산광역시 해운대구 우동 1388-8,1 ,7 ,"SM3 Z.E,테슬라"
부산광역시,메가센텀꿈에그린아파트,부산광역시 해운대구 반여동 1662,0 ,2 ,"SM3 Z.E,레이EV,소울EV,닛산리프,아이오닉EV,BMW i3,스파크EV,볼트EV,테슬라"
부산광역시,반여농산물도매시장관리사업소,부산광역시 해운대구 반여동 559,1 ,0 ,"SM3 Z.E,테슬라"
부산광역시,반여도서관,부산광역시 해운대구 반여동 1575-78,1 ,0 ,"SM3 Z.E,테슬라"
부산광역시,벡스코,부산광역시 해운대구 우동 1500,3 ,0 ,"SM3 Z.E,테슬라"
부산광역시,벡스코 제2전시장 지하주차장,부산광역시 해운대구 우동 1413-4,3 ,0 ,"SM3 Z.E,레이EV,소울EV,닛산리프,아이오닉EV,BMW i3,스파크EV,볼트EV,테슬라"
부산광역시,부산디자인진흥원,부산광역시 해운대구 우동 1457,2 ,0 ,"SM3 Z.E,테슬라"
부산광역시,센텀동부센트레빌,부산광역시 해운대구 재송동 380-1,1 ,1 ,"SM3 Z.E,레이EV,소울EV,닛산리프,아이오닉EV,BMW i3,스파크EV,볼트EV,테슬라"
부산광역시,시립미술관,부산광역시 해운대구 우동 1413,1 ,0 ,"SM3 Z.E,테슬라"
부산광역시,신세계 센텀점,부산광역시 해운대구 우동 1495,2 ,0 ,"SM3 Z.E,테슬라"
부산광역시,아세안문화원,부산광역시 해운대구 좌동 1427,1 ,0 ,"SM3 Z.E,테슬라"
부산광역시,영화의전당,부산광역시 해운대구 우동 1467,1 ,0 ,"SM3 Z.E,테슬라"
부산광역시,지상변압기일체형(송정KT앞 ),부산광역시 해운대구 송정광어골로 42(Green Pole),1 ,0 ,"SM3 Z.E,레이EV,소울EV,닛산리프,아이오닉EV,BMW i3,스파크EV,볼트EV,테슬라"
부산광역시,청사포 공영주차장,부산광역시 해운대구 중동 552,1 ,0 ,"SM3 Z.E,테슬라"
부산광역시,해운대구청별관,부산광역시 해운대구 재송동 1192,1 ,0 ,"SM3 Z.E,테슬라"
부산광역시,해운대더샵센텀누리 아파트,부산광역시 해운대구 재송동 1223,1 ,2 ,"SM3 Z.E,레이EV,소울EV,닛산리프,아이오닉EV,BMW i3,스파크EV,볼트EV,테슬라"
부산광역시,해운대메트로하이츠 아파트,부산광역시 해운대구 중동 149-1,0 ,2 ,"SM3 Z.E,레이EV,소울EV,닛산리프,아이오닉EV,BMW i3,스파크EV,볼트EV,테슬라"
